EVTYPE,EVTYPE_std
TORNADO,TORNADO
TSTM WIND,THUNDERSTORM WIND
HAIL,HAIL
FREEZING RAIN,FREEZING RAIN
SNOW,SNOW
ICE STORM/FLASH FLOOD,ICE STORM/FLASH FLOOD
SNOW/ICE,SNOW/ICE
WINTER STORM,WINTERSTORM
HURRICANE OPAL/HIGH WINDS,HURRICANE
THUNDERSTORM WINDS,THUNDERSTORM WIND
RECORD COLD,RECORD COLD
HURRICANE ERIN,HURRICANE
HURRICANE OPAL,HURRICANE
HEAVY RAIN,HEAVY RAIN
LIGHTNING,LIGHTNING
THUNDERSTORM WIND,THUNDERSTORM WIND
DENSE FOG,DENSE FOG
RIP CURRENT,RIP CURRENT
THUNDERSTORM WINS,THUNDERSTORM WIND
FLASH FLOOD,FLASH FLOOD
FLASH FLOODING,FLASH FLOOD
HIGH WINDS,HIGH WIND
FUNNEL CLOUD,FUNNEL CLOUD/HAIL
TORNADO F0,TORNADO
THUNDERSTORM WINDS LIGHTNING,THUNDERSTORM WIND
THUNDERSTORM WINDS/HAIL,THUNDERSTORM WIND/HAIL
HEAT,HOT WEATHER
WIND,WIND
LIGHTING,LIGHTNING
HEAVY RAINS,HEAVY RAIN
LIGHTNING AND HEAVY RAIN,LIGHTNING/HEAVY RAIN
FUNNEL,FUNNEL CLOUD/HAIL
WALL CLOUD,WALL CLOUD
FLOODING,FLOOD
THUNDERSTORM WINDS HAIL,THUNDERSTORM WIND/HAIL
FLOOD,FLOOD
COLD,COLD WEATHER
HEAVY RAIN/LIGHTNING,HEAVY RAIN/LIGHTNING
FLASH FLOODING/THUNDERSTORM WI,FLASH FLOOD/THUNDERSTORM WIND
WALL CLOUD/FUNNEL CLOUD,WALL CLOUD/FUNNEL CLOUD
THUNDERSTORM,THUNDERSTORM
WATERSPOUT,WATERSPOUT
EXTREME COLD,COLD WEATHER
HAIL 1.75),HAIL
LIGHTNING/HEAVY RAIN,LIGHTNING/HEAVY RAIN
HIGH WIND,HIGH WIND
BLIZZARD,BLIZZARD
BLIZZARD WEATHER,BLIZZARD
WIND CHILL,WIND CHILL
BREAKUP FLOODING,BREAKUP FLOOD
HIGH WIND/BLIZZARD,HIGH WIND/BLIZZARD
RIVER FLOOD,RIVER FLOOD
HEAVY SNOW,HEAVY SNOW
FREEZE,FREEZE
COASTAL FLOOD,COASTAL FLOOD
HIGH WIND AND HIGH TIDES,HIGH WIND/HIGH TIDES
HIGH WIND/BLIZZARD/FREEZING RA,HIGH WIND/BLIZZARD
HIGH TIDES,HIGH TIDES
HIGH WIND AND HEAVY SNOW,HIGH WIND/HEAVY SNOW
RECORD COLD AND HIGH WIND,RECORD COLD/HIGH WIND
RECORD HIGH TEMPERATURE,RECORD HIGH TEMPERATURE
RECORD HIGH,RECORD HIGH TEMPERATURE
HIGH WINDS HEAVY RAINS,HIGH WIND/HEAVY RAIN
HIGH WIND/ BLIZZARD,HIGH WIND/BLIZZARD
ICE STORM,ICE STORM
BLIZZARD/HIGH WIND,BLIZZARD/HEAVY WIND
HIGH WIND/LOW WIND CHILL,HIGH WIND/WIND CHILL
HEAVY SNOW/HIGH,HEAVY SNOW
RECORD LOW,RECORD LOW TEMPERATURE
HIGH WINDS AND WIND CHILL,HIGH WIND/WIND CHILL
HEAVY SNOW/HIGH WINDS/FREEZING,HEAVY SNOW/HIGH WIND/FREEZING
LOW TEMPERATURE RECORD,RECORD COLD
AVALANCHE,AVALANCHE
MARINE MISHAP,MARINE ACCIDENT
WIND CHILL/HIGH WIND,WIND CHILL/HIGH WIND
HIGH WIND/WIND CHILL/BLIZZARD,HIGH WIND/WIND CHILL/BLIZZARD
HIGH WIND/WIND CHILL,HIGH WIND/WIND CHILL
HIGH WIND/HEAVY SNOW,HIGH WIND/HEAVY SNOW
HIGH TEMPERATURE RECORD,HOT WEATHER
FLOOD WATCH/,FLOOD WATCH
RECORD HIGH TEMPERATURES,RECORD HIGH TEMPERATURE
HIGH WIND/SEAS,HIGH WIND/HIGH SEAS
HIGH WINDS/HEAVY RAIN,HIGH WIND/HEAVY RAIN
HIGH SEAS,HIGH SEAS
SEVERE TURBULENCE,SEVERE TURBULENCE
RECORD RAINFALL,HEAVY RAIN
RECORD SNOWFALL,RECORD SNOW
RECORD WARMTH,RECORD WARM WEATHER
HEAVY SNOW/WIND,HEAVY SNOW/WIND
EXTREME HEAT,HOT WEATHER
WIND DAMAGE,WIND
DUST STORM,DUST STORM
APACHE COUNTY,OTHER
SLEET,SLEET
HAIL STORM,HAIL STORM
FUNNEL CLOUDS,FUNNEL CLOUD
FLASH FLOODS,FLASH FLOOD
DUST DEVIL,DUST DEVIL
EXCESSIVE HEAT,HOT WEATHER
THUNDERSTORM WINDS/FUNNEL CLOU,THUNDERSTORM WIND/FUNNEL CLOUD
WINTER STORM/HIGH WIND,WINTERSTORM/HIGH WIND
WINTER STORM/HIGH WINDS,WINTERSTORM/HIGH WIND
GUSTY WINDS,GUSTY WIND
STRONG WINDS,STRONG WIND
FLOODING/HEAVY RAIN,FLOOD/HEAVY RAIN
SNOW AND WIND,SNOW/WIND
HEAVY SURF COASTAL FLOODING,HIGH SURF/COASTAL FLOOD
HEAVY SURF,HEAVY SURF
HEAVY PRECIPATATION,HEAVY PRECIPITATION
URBAN FLOODING,URBAN FLOOD
HIGH SURF,HIGH SURF
BLOWING DUST,DUST STORM
URBAN/SMALL,URBAN FLOOD/SM STRM FLOOD
WILD FIRES,WILD FIRE
HIGH,HOT WEATHER
URBAN/SMALL FLOODING,URBAN FLOOD/SM STRM FLOOD
WATER SPOUT,WATERSPOUT
HIGH WINDS DUST STORM,HIGH WIND/DUST STORM
WINTER STORM HIGH WINDS,WINTER STORM
LOCAL FLOOD,FLOOD
WINTER STORMS,WINTER STORM
MUDSLIDES,MUDSLIDE
RAINSTORM,RAIN
SEVERE THUNDERSTORM,SEVERE THUNDERSTORM
SEVERE THUNDERSTORMS,SEVERE THUNDERSTORM
SEVERE THUNDERSTORM WINDS,THUNDERSTORM
THUNDERSTORMS WINDS,THUNDERSTORM WIND
DRY MICROBURST,DRY MICROBURST
FLOOD/FLASH FLOOD,FLOOD/FLASH FLOOD
FLOOD/RAIN/WINDS,FLOOD/RAIN/WIND
WINDS,WIND
DRY MICROBURST 61,DRY MICROBURST
THUNDERSTORMS,THUNDERSTORM
FLASH FLOOD WINDS,FLASH FLOOD/WIND
URBAN/SMALL STREAM FLOODING,URBAN FLOOD/SM STRM FLOOD
MICROBURST,MICROBURST
STRONG WIND,STRONG WIND
HIGH WIND DAMAGE,HIGH WIND
STREAM FLOODING,STREAM FLOOD
URBAN AND SMALL,URBAN FLOOD/SM STRM FLOOD
HEAVY SNOWPACK,HEAVY SNOW PACK
ICE,ICE
FLASH FLOOD/,FLASH FLOOD
DOWNBURST,DOWNBURST
GUSTNADO AND,GUSTNADO
FLOOD/RAIN/WIND,FLOOD/RAIN/WIND
WET MICROBURST,WET MICROBURST
DOWNBURST WINDS,DOWNBURST
DRY MICROBURST WINDS,DRY MICROBURST
DRY MIRCOBURST WINDS,DRY MICROBURST
DRY MICROBURST 53,DRY MICROBURST
SMALL STREAM URBAN FLOOD,SM STRM/URBAN FLOOD
MICROBURST WINDS,MICROBURST
HIGH WINDS 57,HIGH WIND
DRY MICROBURST 50,DRY MICROBURST
HIGH WINDS 66,HIGH WIND
HIGH WINDS 76,HIGH WIND
HIGH WINDS 63,HIGH WIND
HIGH WINDS 67,HIGH WIND
BLIZZARD/HEAVY SNOW,BLIZZARD/HEAVY SNOW
HEAVY SNOW/HIGH WINDS,HEAVY SNOW/HIGH WIND
BLOWING SNOW,BLOWING SNOW
HIGH WINDS 82,HIGH WIND
HIGH WINDS 80,HIGH WIND
HIGH WINDS 58,HIGH WIND
FREEZING DRIZZLE,FREEZING DRIZZLE
LIGHTNING THUNDERSTORM WINDSS,LIGHTNING/THUNDERSTORM WIND
DRY MICROBURST 58,DRY MICROBURST
HAIL 75,HAIL
HIGH WINDS 73,HIGH WIND
HIGH WINDS 55,HIGH WIND
LIGHT SNOW AND SLEET,LIGHT SNOW/SLEET
URBAN FLOOD,URBAN FLOOD
DRY MICROBURST 84,DRY MICROBURST
THUNDERSTORM WINDS 60,THUNDERSTORM WIND
HEAVY RAIN/FLOODING,HEAVY RAIN/FLOOD
THUNDERSTORM WINDSS,THUNDERSTORM WIND
TORNADOS,TORNADO
GLAZE,ICE
RECORD HEAT,RECORD HIGH TEMPERATURE
COASTAL FLOODING,COASTAL FLOOD
HEAT WAVE,HOT WEATHER
FIRST SNOW,FIRST SNOW
FREEZING RAIN AND SLEET,FREEZING RAIN/SLEET
UNSEASONABLY DRY,UNSEASONABLY DRY
UNSEASONABLY WET,UNSEASONABLY WET
WINTRY MIX,WINTRY MIX
WINTER WEATHER,WINTER WEATHER
UNSEASONABLY COLD,UNSEASONABLY COLD
EXTREME/RECORD COLD,COLD WEATHER
RIP CURRENTS HEAVY SURF,RIP CURRENT/HEAVY SURF
SLEET/RAIN/SNOW,SLEET/RAIN/SNOW
UNSEASONABLY WARM,UNSEASONABLY WARM
DROUGHT,DROUGHT
NORMAL PRECIPITATION,RAIN
HIGH WINDS/FLOODING,HIGH WIND/FLOOD
DRY,DRY WEATHER
RAIN/SNOW,RAIN/SNOW
SNOW/RAIN/SLEET,SNOW/RAIN/SLEET
WATERSPOUT/TORNADO,WATERSPOUT/TORNADO
WATERSPOUTS,WATERSPOUT
WATERSPOUT TORNADO,WATERSPOUT/TORNADO
URBAN/SMALL STREAM FLOOD,URBAN FLOOD/SM STRM FLOOD
STORM SURGE,STORM SURGE
WATERSPOUT-TORNADO,WATERSPOUT/TORNADO
WATERSPOUT-,WATERSPOUT
"TORNADOES, TSTM WIND, HAIL",TORNADO/WIND/HAIL
TROPICAL STORM ALBERTO,TROPICAL STORM
TROPICAL STORM,TROPICAL STORM
TROPICAL STORM GORDON,TROPICAL STORM
TROPICAL STORM JERRY,TROPICAL STORM
LIGHTNING THUNDERSTORM WINDS,LIGHTNING/THUNDERSTORM WIND
WAYTERSPOUT,WATERSPOUT
MINOR FLOODING,FLOOD
LIGHTNING INJURY,LIGHTNING
URBAN/SMALL STREAM  FLOOD,URBAN FLOOD/SM STRM FLOOD
LIGHTNING AND THUNDERSTORM WIN,LIGHTNING/THUNDERSTORM WIND
THUNDERSTORM WINDS53,THUNDERSTORM WIND
URBAN AND SMALL STREAM FLOOD,URBAN FLOOD/SM STRM FLOOD
URBAN AND SMALL STREAM,URBAN FLOOD/SM STRM FLOOD
WILDFIRE,WILD FIRE
DAMAGING FREEZE,FREEZE
THUNDERSTORM WINDS 13,THUNDERSTORM WIND
SMALL HAIL,SMALL HAIL
HEAVY SNOW/HIGH WIND,HEAVY SNOW/HIGH WIND
HURRICANE,HURRICANE
WILD/FOREST FIRE,WILD FIRE/FOREST FIRE
SMALL STREAM FLOODING,SM STRM FLOOD
MUD SLIDE,MUDSLIDE
LIGNTNING,LIGHTNING
FROST,FROST
FREEZING RAIN/SNOW,FREEZING RAIN/SNOW
HIGH WINDS/,HIGH WIND
THUNDERSNOW,THUNDERSNOW
FLOODS,FLOOD
EXTREME WIND CHILLS,EXTREME WIND CHILL
COOL AND WET,COOL WEATHER/WET WEATHER
HEAVY RAIN/SNOW,HEAVY RAIN/SNOW
SMALL STREAM AND URBAN FLOODIN,SM STRM/URBAN FLOOD
SMALL STREAM/URBAN FLOOD,SM STRM/URBAN FLOOD
SNOW/SLEET/FREEZING RAIN,SNOW/SLEET/FREEZING RAIN
SEVERE COLD,SEVERE COLD
GLAZE ICE,ICE
COLD WAVE,COLD WEATHER
EARLY SNOW,SNOW
SMALL STREAM AND URBAN FLOOD,SM STRM/URBAN FLOOD
HIGH  WINDS,HIGH WIND
RURAL FLOOD,RURAL FLOOD
SMALL STREAM AND,SM STRM/URBAN FLOOD
MUD SLIDES,MUDSLIDE
HAIL 80,HAIL
EXTREME WIND CHILL,EXTREME WIND CHILL
COLD AND WET CONDITIONS,COLD WEATHER/WET WEATHER
EXCESSIVE WETNESS,WET WEATHER
GRADIENT WINDS,GRADIENT WIND
HEAVY SNOW/BLOWING SNOW,HEAVY SNOW/BLOWING SNOW
SLEET/ICE STORM,SLEET/ICE STORM
THUNDERSTORM WINDS URBAN FLOOD,THUNDERSTORM WIND/SUBURBAN FLOOD
THUNDERSTORM WINDS SMALL STREA,THUNDERSTORM WIND/ SM STRM FLOOD
ROTATING WALL CLOUD,WALL CLOUD
LARGE WALL CLOUD,WALL CLOUD
COLD AIR FUNNEL,COLD AIR FUNNEL
GUSTNADO,GUSTNADO
COLD AIR FUNNELS,COLD AIR FUNNEL
BLOWING SNOW- EXTREME WIND CHI,BLOWING SNOW/WIND CHILL
SNOW AND HEAVY SNOW,SNOW
GROUND BLIZZARD,GROUND BLIZZARD
MAJOR FLOOD,MAJOR FLOOD
SNOW/HEAVY SNOW,SNOW
FREEZING RAIN/SLEET,FREEZING RAIN/SLEET
ICE JAM FLOODING,ICEJAM/FLOOD
SNOW- HIGH WIND- WIND CHILL,SNOW/HIGH WIND/WIND CHILL
STREET FLOOD,STREET FLOOD
COLD AIR TORNADO,COLD AIR FUNNEL
SMALL STREAM FLOOD,SM STRM FLOOD
FOG,FOG
THUNDERSTORM WINDS 2,THUNDERSTORM WIND
FUNNEL CLOUD/HAIL,FUNNEL CLOUD/HAIL
ICE/SNOW,ICE/SNOW
TSTM WIND 51,THUNDERSTORM WIND
TSTM WIND 50,THUNDERSTORM WIND
TSTM WIND 52,THUNDERSTORM WIND
TSTM WIND 55,THUNDERSTORM WIND
HEAVY SNOW/BLIZZARD,HEAVY SNOW/BLIZZARD
THUNDERSTORM WINDS 61,THUNDERSTORM WIND
HAIL 0.75,HAIL
THUNDERSTORM DAMAGE,THUNDERSTORM
THUNDERTORM WINDS,THUNDERSTORM WIND
HAIL 1.00,HAIL
HAIL/WINDS,HAIL/WIND
SNOW AND ICE,SNOW/ICE
WIND STORM,WIND
SNOWSTORM,SNOWSTORM
GRASS FIRES,GRASS FIRE
LAKE FLOOD,LAKE FLOOD
PROLONG COLD,PROLONGED COLD
HAIL/WIND,HAIL/WIND
HAIL 1.75,HAIL
THUNDERSTORMW 50,THUNDERSTORM WIND
WIND/HAIL,WIND/HAIL
SNOW AND ICE STORM,SNOW/ICE STORM
URBAN AND SMALL STREAM FLOODIN,URBAN FLOOD/SM STRM FLOOD
THUNDERSTORMS WIND,THUNDERSTORM WIND
THUNDERSTORM  WINDS,THUNDERSTORM WIND
HEAVY SNOW/SLEET,HEAVY SNOW/SLEET
AGRICULTURAL FREEZE,FREEZE
DROUGHT/EXCESSIVE HEAT,DRY WEATHER/DROUGHT
TUNDERSTORM WIND,THUNDERSTORM WIND
TROPICAL STORM DEAN,TROPICAL STORM
THUNDERTSORM WIND,THUNDERSTORM WIND
THUNDERSTORM WINDS/ HAIL,THUNDERSTORM WIND/HAIL
THUNDERSTORM WIND/LIGHTNING,THUNDERSTORM WIND/LIGHTNING
HEAVY RAIN/SEVERE WEATHER,HEAVY RAIN/SEVERE WEATHER
THUNDESTORM WINDS,THUNDERSTORM WIND
WATERSPOUT/ TORNADO,WATERSPOUT/TORNADO
LIGHTNING.,LIGHTNING
WARM DRY CONDITIONS,WARM WEATHER
HURRICANE-GENERATED SWELLS,HURRICANE
HEAVY SNOW/ICE STORM,HEAVY SNOW/ICE STORM
RIVER AND STREAM FLOOD,RIVER/STREAM FLOOD
HIGH WIND 63,HIGH WIND
COASTAL SURGE,COASTAL SURGE
HEAVY SNOW AND ICE STORM,HEAVY SNOW/ICE STORM
MINOR FLOOD,FLOOD
HIGH WINDS/COASTAL FLOOD,HIGH WIND/COASTAL FLOOD
RAIN,RAIN
RIVER FLOODING,RIVER FLOOD
SNOW/RAIN,SNOW/RAIN
ICE FLOES,ICE FLOES
HIGH WAVES,HIGH SEAS
SNOW SQUALLS,SNOW SQUALL
SNOW SQUALL,SNOW SQUALL
THUNDERSTORM WIND G50,THUNDERSTORM WIND
LIGHTNING FIRE,LIGHTNING
BLIZZARD/FREEZING RAIN,BLIZZARD/FREEZING RAIN
HEAVY LAKE SNOW,LAKE-EFFECT SNOW
HEAVY SNOW/FREEZING RAIN,HEAVY SNOW/FREEZING RAIN
LAKE EFFECT SNOW,LAKE-EFFECT SNOW
HEAVY WET SNOW,HEAVY WET SNOW
DUST DEVIL WATERSPOUT,DUST DEVIL/WATERSPOUT
THUNDERSTORM WINDS/HEAVY RAIN,THUNDERSTORM WIND/HEAVY RAIN
THUNDERSTROM WINDS,THUNDERSTORM WIND
THUNDERSTORM WINDS      LE CEN,THUNDERSTORM WIND
HAIL 225,HAIL
BLIZZARD AND HEAVY SNOW,BLIZZARD/HEAVY SNOW
HEAVY SNOW AND ICE,HEAVY SNOW/ICE
ICE STORM AND SNOW,ICE STORM/SNOW
HEAVY SNOW ANDBLOWING SNOW,HEAVY SNOW/BLOWING SNOW
HEAVY SNOW/ICE,HEAVY SNOW/ICE
BLIZZARD AND EXTREME WIND CHIL,BLIZZARD/WIND CHILL
LOW WIND CHILL,WIND CHILL
BLOWING SNOW & EXTREME WIND CH,BLOWING SNOW/WIND CHILL
WATERSPOUT/,WATERSPOUT
URBAN/SMALL STREAM,URBAN FLOOD/SM STRM FLOOD
TORNADO F3,TORNADO
FUNNEL CLOUD.,FUNNEL CLOUD/HAIL
TORNDAO,TORNADO
HAIL 0.88,HAIL
FLOOD/RIVER FLOOD,FLOOD/RIVER FLOOD
MUD SLIDES URBAN FLOODING,MUDSLIDE/SUBURBAN FLOOD
TORNADO F1,TORNADO
THUNDERSTORM WINDS G,THUNDERSTORM WIND
DEEP HAIL,DEEP HAIL
GLAZE/ICE STORM,ICE
HEAVY SNOW/WINTER STORM,HEAVY SNOW/WINTER STORM
AVALANCE,AVALANCHE
BLIZZARD/WINTER STORM,BLIZZARD/WINTER STORM
DUST STORM/HIGH WINDS,DUST STORM/HIGH WIND
ICE JAM,ICEJAM
FOREST FIRES,FOREST FIRE
THUNDERSTORM WIND G60,THUNDERSTORM WIND
FROST\FREEZE,FROST/FREEZE
THUNDERSTORM WINDS.,THUNDERSTORM WIND
HAIL 88,HAIL
HAIL 175,HAIL
HVY RAIN,HEAVY RAIN
HAIL 100,HAIL
HAIL 150,HAIL
HAIL 075,HAIL
THUNDERSTORM WIND G55,THUNDERSTORM WIND
HAIL 125,HAIL
THUNDERSTORM WINDS G60,THUNDERSTORM WIND
HARD FREEZE,HARD FREEZE
HAIL 200,HAIL
THUNDERSTORM WINDS FUNNEL CLOU,THUNDERSTORM WIND
THUNDERSTORM WINDS 62,THUNDERSTORM WIND
WILDFIRES,WILD FIRE
RECORD HEAT WAVE,RECORD HIGH TEMPERATURE
HEAVY SNOW AND HIGH WINDS,HEAVY SNOW/HIGH WIND
HEAVY SNOW/HIGH WINDS & FLOOD,HEAVY SNOW/HIGH WIND/FLOOD
HAIL FLOODING,HAIL STORM/FLOOD
THUNDERSTORM WINDS/FLASH FLOOD,THUNDERSTORM WIND/FLOOD
HIGH WIND 70,HIGH WIND
WET SNOW,WET SNOW
HEAVY RAIN AND FLOOD,HEAVY RAIN/FLOOD
LOCAL FLASH FLOOD,FLASH FLOOD
THUNDERSTORM WINDS 53,THUNDERSTORM WIND
FLOOD/FLASH FLOODING,FLOOD/FLASH FLOOD
TORNADO/WATERSPOUT,TORNADO/WATERSPOUT
RAIN AND WIND,RAIN/WIND
THUNDERSTORM WIND 59,THUNDERSTORM WIND
THUNDERSTORM WIND 52,THUNDERSTORM WIND
COASTAL/TIDAL FLOOD,COASTAL FLOOD/TIDAL FLOOD
SNOW/ICE STORM,SNOW/ICE STORM
BELOW NORMAL PRECIPITATION,DROUGHT
RIP CURRENTS/HEAVY SURF,RIP CURRENT/HEAVY SURF
FLASH FLOOD/FLOOD,FLASH FLOOD/FLOOD
EXCESSIVE RAIN,EXCESSIVE RAIN
RECORD/EXCESSIVE HEAT,RECORD HIGH TEMPERATURE
HEAT WAVES,HOT WEATHER
LIGHT SNOW,LIGHT SNOW
THUNDERSTORM WIND 69,THUNDERSTORM WIND
HAIL DAMAGE,HAIL
LIGHTNING DAMAGE,LIGHTNING
RECORD TEMPERATURES,RECORD TEMPERATURE
LIGHTNING AND WINDS,LIGHTNING/WIND
FOG AND COLD TEMPERATURES,FOG/COLD WEATHER
OTHER,OTHER
RECORD SNOW,SNOW
SNOW/COLD,SNOW
FLASH FLOOD FROM ICE JAMS,ICE JAM FLASH FLOOD
TSTM WIND G58,THUNDERSTORM WIND
MUDSLIDE,MUDSLIDE
HEAVY SNOW SQUALLS,HEAVY SNOW/SQUALLS
HEAVY SNOW/SQUALLS,HEAVY SNOW/SQUALLS
HEAVY SNOW-SQUALLS,HEAVY SNOW/SQUALLS
ICY ROADS,ICE
HEAVY MIX,HEAVY MIX
SNOW FREEZING RAIN,SNOW/FREEZING RAIN
LACK OF SNOW,SNOW DROUGHT
SNOW/SLEET,SNOW/SLEET
SNOW/FREEZING RAIN,SNOW/FREEZING RAIN
SNOW DROUGHT,SNOW DROUGHT
THUNDERSTORMW WINDS,THUNDERSTORM WIND
THUNDERSTORM WIND 60 MPH,THUNDERSTORM WIND
THUNDERSTORM WIND 65MPH,THUNDERSTORM WIND
THUNDERSTORM WIND/ TREES,THUNDERSTORM WIND/TREES
THUNDERSTORM WIND/AWNING,THUNDERSTORM WIND
THUNDERSTORM WIND 98 MPH,THUNDERSTORM WIND
THUNDERSTORM WIND TREES,THUNDERSTORM WIND/TREES
TORRENTIAL RAIN,TORRENTIAL RAIN
TORNADO F2,TORNADO
RIP CURRENTS,RIP CURRENT
HURRICANE EMILY,HURRICANE
HURRICANE GORDON,HURRICANE
HURRICANE FELIX,HURRICANE
THUNDERSTORM WIND 59 MPH,THUNDERSTORM WIND
THUNDERSTORM WINDS 63 MPH,THUNDERSTORM WIND
THUNDERSTORM WIND/ TREE,THUNDERSTORM WIND/TREES
THUNDERSTORM DAMAGE TO,THUNDERSTORM
THUNDERSTORM WIND 65 MPH,THUNDERSTORM WIND
FLASH FLOOD - HEAVY RAIN,FLASH FLOOD/HEAVY RAIN
THUNDERSTORM WIND.,THUNDERSTORM WIND
FLASH FLOOD/ STREET,FLASH FLOOD/STREET FLOOD
THUNDERSTORM WIND 59 MPH.,THUNDERSTORM WIND
HEAVY SNOW   FREEZING RAIN,HEAVY SNOW/FREEZING RAIN
DAM FAILURE,DAM BREAK
THUNDERSTORM HAIL,THUNDERSTORM/HAIL
HAIL 088,HAIL
THUNDERSTORM WINDSHAIL,THUNDERSTORM WIND
LIGHTNING  WAUSEON,LIGHTNING
THUDERSTORM WINDS,THUNDERSTORM WIND
ICE AND SNOW,ICE/SNOW
RECORD COLD/FROST,RECORD COLD/FROST
STORM FORCE WINDS,STORM FORCE WINDS
FREEZING RAIN AND SNOW,FREEZING RAIN/SNOW
FREEZING RAIN SLEET AND,FREEZING RAIN/SLEET
SOUTHEAST,SOUTHEAST
HEAVY SNOW & ICE,HEAVY SNOW/ICE
FREEZING DRIZZLE AND FREEZING,FREEZING DRIZZLE/FREEZING
THUNDERSTORM WINDS AND,THUNDERSTORM WIND
HAIL/ICY ROADS,HAIL/ICE
FLASH FLOOD/HEAVY RAIN,FLASH FLOOD/HEAVY RAIN
HEAVY RAIN; URBAN FLOOD WINDS;,HEAVY RAIN/URBAN FLOOD
HEAVY PRECIPITATION,HEAVY PRECIPITATION
TSTM WIND DAMAGE,THUNDERSTORM WIND
HIGH WATER,HIGH WATER
FLOOD FLASH,FLOOD/FLASH FLOOD
RAIN/WIND,RAIN/WIND
THUNDERSTORM WINDS 50,THUNDERSTORM WIND
THUNDERSTORM WIND G52,THUNDERSTORM WIND
FLOOD FLOOD/FLASH,FLOOD/FLASH FLOOD
THUNDERSTORM WINDS 52,THUNDERSTORM WIND
SNOW SHOWERS,SNOW SHOWERS
THUNDERSTORM WIND G51,THUNDERSTORM WIND
HEAT WAVE DROUGHT,HOT WEATHER
HEAVY SNOW/BLIZZARD/AVALANCHE,HEAVY SNOW/BLIZZARD/AVALANCHE
RECORD SNOW/COLD,RECORD SNOW/COLD
WET WEATHER,WET WEATHER
UNSEASONABLY WARM AND DRY,UNSEASONABLY WARM/DRY
FREEZING RAIN SLEET AND LIGHT,FREEZING RAIN/SLEET
RECORD/EXCESSIVE RAINFALL,HEAVY RAIN
TIDAL FLOOD,TIDAL FLOOD
BEACH EROSIN,EROSION
THUNDERSTORM WIND G61,THUNDERSTORM WIND
FLOOD/FLASH,FLOOD/FLASH FLOOD
LOW TEMPERATURE,RECORD COLD
SLEET & FREEZING RAIN,SLEET/FREEZING RAIN
HEAVY RAINS/FLOODING,HEAVY RAIN/FLOOD
THUNDERESTORM WINDS,THUNDERSTORM WIND
THUNDERSTORM WINDS/FLOODING,THUNDERSTORM WIND/FLOOD
THUNDEERSTORM WINDS,THUNDERSTORM WIND
HIGHWAY FLOODING,HIGHWAY FLOOD
THUNDERSTORM W INDS,THUNDERSTORM WIND
HYPOTHERMIA,HYPOTHERMIA
FLASH FLOOD/ FLOOD,FLASH FLOOD/FLOOD
THUNDERSTORM WIND 50,THUNDERSTORM WIND
THUNERSTORM WINDS,THUNDERSTORM WIND
HEAVY RAIN/MUDSLIDES/FLOOD,HEAVY RAIN/MUDSLIDE/FLOOD
MUD/ROCK SLIDE,MUDSLIDE/ROCKSLIDE
HIGH WINDS/COLD,HIGH WIND/COLD
BEACH EROSION/COASTAL FLOOD,EROSION/COASTAL FLOOD
COLD/WINDS,COLD WEATHER/WIND
SNOW/ BITTER COLD,SNOW/COLD
THUNDERSTORM WIND 56,THUNDERSTORM WIND
SNOW SLEET,SNOW SLEET
DRY HOT WEATHER,DRY/HOT WEATHER
COLD WEATHER,COLD WEATHER
RAPIDLY RISING WATER,RAPIDLY RISING WATER
HAIL ALOFT,HAIL ALOFT
EARLY FREEZE,EARLY FREEZE
ICE/STRONG WINDS,ICE/STRONG WIND
EXTREME WIND CHILL/BLOWING SNO,EXTREME WIND CHILL/BLOWING SNOW
SNOW/HIGH WINDS,SNOW/HIGH WIND
HIGH WINDS/SNOW,HIGH WIND/SNOW
EARLY FROST,EARLY FROST
SNOWMELT FLOODING,SNOWMELT FLOOD
HEAVY SNOW AND STRONG WINDS,HEAVY SNOW/STRONG WIND
SNOW ACCUMULATION,SNOW
BLOWING SNOW/EXTREME WIND CHIL,BLOWING SNOW/WIND CHILL
SNOW/ ICE,SNOW/ICE
SNOW/BLOWING SNOW,SNOW/BLOWING SNOW
TORNADOES,TORNADO
THUNDERSTORM WIND/HAIL,THUNDERSTORM WIND/HAIL
FLASH FLOODING/FLOOD,FLOOD/FLASH FLOOD
HAIL 275,HAIL
HAIL 450,HAIL
FLASH FLOOODING,FLASH FLOOD
EXCESSIVE RAINFALL,EXCESSIVE RAIN
THUNDERSTORMW,THUNDERSTORM WIND
HAILSTORM,HAIL STORM
TSTM WINDS,THUNDERSTORM WIND
BEACH FLOOD,COASTAL FLOOD
HAILSTORMS,HAIL STORM
TSTMW,THUNDERSTORM WIND
FUNNELS,FUNNEL CLOUD
TSTM WIND 65),THUNDERSTORM WIND
THUNDERSTORM WINDS/ FLOOD,THUNDERSTORM WIND/FLOOD
HEAVY RAINFALL,HEAVY RAIN
HEAT/DROUGHT,HOT WEATHER/DROUGHT
HEAT DROUGHT,HOT WEATHER/DROUGHT
NEAR RECORD SNOW,RECORD SNOW
LANDSLIDE,LANDSLIDE
HIGH WIND AND SEAS,HIGH WIND/HIGH SEAS
THUNDERSTORMWINDS,THUNDERSTORM WIND
THUNDERSTORM WINDS HEAVY RAIN,THUNDERSTORM WIND/HEAVY RAIN
SLEET/SNOW,SLEET/SNOW
EXCESSIVE,EXCESSIVE
SNOW/SLEET/RAIN,SNOW/SLEET/RAIN
WILD/FOREST FIRES,WILD FIRE/FOREST FIRE
HEAVY SEAS,HIGH SEAS
DUSTSTORM,DUST STORM
FLOOD & HEAVY RAIN,FLOOD/HEAVY RAIN
?,OTHER
THUNDERSTROM WIND,THUNDERSTORM WIND
FLOOD/FLASHFLOOD,FLOOD/FLASH FLOOD
SNOW AND COLD,SNOW/COLD
HOT PATTERN,HOT WEATHER
PROLONG COLD/SNOW,PROLONGED COLD
BRUSH FIRES,BRUSH FIRE
SNOW\COLD,SNOW/COLD
WINTER MIX,WINTRY MIX
EXCESSIVE PRECIPITATION,EXCESSIVE PRECIPITATION
SNOWFALL RECORD,SNOWFALL RECORD
HOT/DRY PATTERN,HOT/DRY WEATHER
DRY PATTERN,DRY WEATHER
MILD/DRY PATTERN,MILD/DRY WEATHER
MILD PATTERN,MILD WEATHER
LANDSLIDES,LANDSLIDE
HEAVY SHOWERS,HEAVY SHOWERS
HEAVY SNOW AND,HEAVY SNOW
HIGH WIND 48,HIGH WIND
LAKE-EFFECT SNOW,LAKE-EFFECT SNOW
BRUSH FIRE,BRUSH FIRE
WATERSPOUT FUNNEL CLOUD,WATERSPOUT/FUNNEL CLOUD
URBAN SMALL STREAM FLOOD,URBAN FLOOD/SM STRM FLOOD
SAHARAN DUST,SAHARAN DUST
HEAVY SHOWER,HEAVY SHOWER
URBAN FLOOD LANDSLIDE,URBAN FLOOD/LANDSLIDE
HEAVY SWELLS,HEAVY SWELLS
URBAN SMALL,URBAN FLOOD/SM STRM FLOOD
URBAN FLOODS,URBAN FLOOD
SMALL STREAM,SM STRM FLOOD
HEAVY RAIN/URBAN FLOOD,HEAVY RAIN/URBAN FLOOD
FLASH FLOOD/LANDSLIDE,FLASH FLOOD/LANDSLIDE
LANDSLIDE/URBAN FLOOD,LANDSLIDE/URBAN FLOOD
HEAVY RAIN/SMALL STREAM URBAN,HEAVY RAIN/SM STRM/URBAN FLOOD
FLASH FLOOD LANDSLIDES,FLASH FLOOD/LANDSLIDE
EXTREME WINDCHILL,EXTREME WIND CHILL
URBAN/SML STREAM FLD,URBAN FLOOD/SM STRM FLOOD
TSTM WIND/HAIL,THUNDERSTORM WIND
Other,OTHER
Record dry month,RECORD DRY
Temperature record,TEMPERATURE RECORD
Minor Flooding,FLOOD
Ice jam flood (minor,ICEJAM/FLOOD
High Wind,HIGH WIND
Tstm Wind,THUNDERSTORM WIND
ROUGH SURF,HEAVY SURF
Wind,Wind
Heavy Surf,HEAVY SURF
Dust Devil,DUST DEVIL
Wind Damage,WIND
Marine Accident,MARINE ACCIDENT
Snow,SNOW
Freeze,FREEZE
Snow Squalls,SNOW SQUALL
Coastal Flooding,COASTAL FLOOD
Heavy Rain,HEAVY RAIN
Strong Wind,STRONG WIND
COASTAL STORM,COASTAL STORM
COASTALFLOOD,COASTAL FLOOD
Erosion/Cstl Flood,EROSION/COASTAL FLOOD
Heavy Rain and Wind,HEAVY RAIN/WIND
Light Snow/Flurries,LIGHT SNOW
Wet Month,WET WEATHER
Wet Year,WET WEATHER
Tidal Flooding,TIDAL FLOOD
River Flooding,RIVER FLOOD
Damaging Freeze,FREEZE
Beach Erosion,EROSION
Hot and Dry,HOT/DRY WEATHER
Flood/Flash Flood,FLOOD/FLASH FLOOD
Icy Roads,ICE
High Surf,HIGH SURF
Heavy Rain/High Surf,HEAVY RAIN/HIGH SURF
Thunderstorm Wind,THUNDERSTORM WIND
Rain Damage,RAIN
Unseasonable Cold,UNSEASONABLY COLD
Early Frost,EARLY FROST
Wintry Mix,WINTRY MIX
blowing snow,BLOWING SNOW
STREET FLOODING,STREET FLOOD
Record Cold,RECORD COLD
Extreme Cold,COLD WEATHER
Ice Fog,ICE FOG
Excessive Cold,COLD WEATHER
Torrential Rainfall,TORRENTIAL RAIN
Freezing Rain,FREEZING RAIN
Landslump,LANDSLUMP
Late-season Snowfall,LATE SNOW
Hurricane Edouard,HURRICANE
Coastal Storm,COASTAL STORM
Flood,FLOOD
HEAVY RAIN/WIND,HEAVY RAIN/WIND
TIDAL FLOODING,TIDAL FLOOD
Winter Weather,WINTER WEATHER
Snow squalls,SNOW SQUALL
Strong Winds,STRONG WIND
Strong winds,STRONG WIND
RECORD WARM TEMPS.,RECORD WARM WEATHER
Ice/Snow,ICE/SNOW
Mudslide,MUDSLIDE
Glaze,ICE
Extended Cold,COLD WEATHER
Snow Accumulation,SNOW
Freezing Fog,FREEZING FOG
Drifting Snow,BLOWING SNOW
Whirlwind,WHIRLWIND
Heavy snow shower,HEAVY SNOW
Heavy rain,HEAVY RAIN
LATE SNOW,LATE SNOW
Record May Snow,RECORD EARLY SNOW
Record Winter Snow,RECORD SNOW
Heavy Precipitation,HEAVY PRECIPITATION
 COASTAL FLOOD,COASTAL FLOOD
Record temperature,RECORD TEMPERATURE
Light snow,LIGHT SNOW
Late Season Snowfall,LATE SNOW
Gusty Wind,GUSTY WIND
small hail,SMALL HAIL
Light Snow,LIGHT SNOW
MIXED PRECIP,PRECIPITATION
Black Ice,BLACK ICE
Mudslides,MUDSLIDE
Gradient wind,GRADIENT WIND
Snow and Ice,SNOW/ICE
Freezing Spray,FREEZING SPRAY
Summary Jan 17,SUMMARY_JAN
Summary of March 14,SUMMARY_MAR
Summary of March 23,SUMMARY_MAR
Summary of March 24,SUMMARY_MAR
Summary of April 3rd,SUMMARY_APR
Summary of April 12,SUMMARY_APR
Summary of April 13,SUMMARY_APR
Summary of April 21,SUMMARY_APR
Summary August 11,SUMMARY_AUG
Summary of April 27,SUMMARY_APR
Summary of May 9-10,SUMMARY_MAY
Summary of May 10,SUMMARY_MAY
Summary of May 13,SUMMARY_MAY
Summary of May 14,SUMMARY_MAY
Summary of May 22 am,SUMMARY_MAY
Summary of May 22 pm,SUMMARY_MAY
Heatburst,HEATBURST
Summary of May 26 am,SUMMARY_MAY
Summary of May 26 pm,SUMMARY_MAY
"Metro Storm, May 26",THUNDERSTORM
Summary of May 31 am,SUMMARY_MAY
Summary of May 31 pm,SUMMARY_MAY
Summary of June 3,SUMMARY_JUN
Summary of June 4,SUMMARY_JUN
Summary June 5-6,SUMMARY_JUN
Summary June 6,SUMMARY_JUN
Summary of June 11,SUMMARY_JUN
Summary of June 12,SUMMARY_JUN
Summary of June 13,SUMMARY_JUN
Summary of June 15,SUMMARY_JUN
Summary of June 16,SUMMARY_JUN
Summary June 18-19,SUMMARY_JUN
Summary of June 23,SUMMARY_JUN
Summary of June 24,SUMMARY_JUN
Summary of June 30,SUMMARY_JUN
Summary of July 2,SUMMARY_JUL
Summary of July 3,SUMMARY_JUN
Summary of July 11,SUMMARY_JUL
Summary of July 22,SUMMARY_JUL
Summary July 23-24,SUMMARY_JUL
Summary of July 26,SUMMARY_JUL
Summary of July 29,SUMMARY_JUL
Summary of August 1,SUMMARY_AUG
Summary August 2-3,SUMMARY_AUG
Summary August 7,SUMMARY_AUG
Summary August 9,SUMMARY_AUG
Summary August 10,SUMMARY_AUG
Summary August 17,SUMMARY_AUG
Summary August 21,SUMMARY_AUG
Summary August 28,SUMMARY_AUG
Summary September 4,SUMMARY SEP
Summary September 20,SUMMARY SEP
Summary September 23,SUMMARY SEP
Summary Sept. 25-26,SUMMARY SEP
Summary: Oct. 20-21,SUMMARY_OCT
Summary: October 31,SUMMARY_OCT
Summary: Nov. 6-7,SUMMARY_NOV
Summary: Nov. 16,SUMMARY_NOV
Microburst,MICROBURST
wet micoburst,WET MICROBURST
Hail(0.75),HAIL
Funnel Cloud,FUNNEL CLOUD/HAIL
Urban Flooding,URBAN FLOOD
No Severe Weather,NONE
Urban flood,URBAN FLOOD
Urban Flood,URBAN FLOOD
Cold,COLD WEATHER
Summary of May 22,SUMMARY_MAY
Summary of June 6,SUMMARY_JUN
Summary August 4,SUMMARY_AUG
Summary of June 10,SUMMARY_JUN
Summary of June 18,SUMMARY_JUN
Summary September 3,SUMMARY SEP
Summary: Sept. 18,SUMMARY_SEP
Coastal Flood,COASTAL FLOOD
coastal flooding,COASTAL FLOOD
Small Hail,SMALL HAIL
Record Temperatures,RECORD TEMPERATURE
Light Snowfall,LIGHT SNOW
Freezing Drizzle,FREEZING DRIZZLE
Gusty wind/rain,GUSTY WIND/RAIN
GUSTY WIND/HVY RAIN,GUSTY WIND/HEAVY RAIN
Blowing Snow,BLOWING SNOW
Early snowfall,SNOW
Monthly Snowfall,SNOW
Record Heat,RECORD HIGH TEMPERATURE
Seasonal Snowfall,SNOW
Monthly Rainfall,RAIN
Cold Temperature,COLD WEATHER
Sml Stream Fld,SM STRM FLOOD
Heat Wave,HOT WEATHER
MUDSLIDE/LANDSLIDE,MUDSLIDE/LANDSLIDE
Saharan Dust,SAHARAN DUST
Volcanic Ash,Volcanic Ash
Volcanic Ash Plume,Volcanic Ash Plume
Thundersnow shower,THUNDERSNOW
NONE,NONE
COLD AND SNOW,COLD/SNOW
DAM BREAK,DAM BREAK
TSTM WIND (G45),THUNDERSTORM WIND
SLEET/FREEZING RAIN,SLEET/FREEZING RAIN
BLACK ICE,BLACK ICE
BLOW-OUT TIDES,BLOW-OUT TIDE
UNSEASONABLY COOL,UNSEASONABLY COOL
TSTM HEAVY RAIN,THUNDERSTORM WIND/HEAVY RAIN
Gusty Winds,GUSTY WIND
GUSTY WIND,GUSTY WIND
TSTM WIND 40,THUNDERSTORM WIND
TSTM WIND 45,THUNDERSTORM WIND
TSTM WIND (41),THUNDERSTORM WIND
TSTM WIND (G40),THUNDERSTORM WIND
TSTM WND,THUNDERSTORM WIND
Wintry mix,WINTRY MIX
 TSTM WIND,THUNDERSTORM WIND
Frost,FROST
Frost/Freeze,FROST/FREEZE
RAIN (HEAVY),RAIN
Record Warmth,RECORD WARM WEATHER
Prolong Cold,PROLONGED COLD
Cold and Frost,COLD/FROST
URBAN/SML STREAM FLDG,URBAN FLOOD/SM STRM FLOOD
STRONG WIND GUST,STRONG WIND
LATE FREEZE,LATE FREEZE
BLOW-OUT TIDE,BLOW-OUT TIDE
Hypothermia/Exposure,HYPOTHERMIA
HYPOTHERMIA/EXPOSURE,HYPOTHERMIA
Lake Effect Snow,LAKE-EFFECT SNOW
Mixed Precipitation,PRECIPITATION
Record High,RECORD HIGH TEMPERATURE
COASTALSTORM,COASTAL STORM
Snow and sleet,SNOW/SLEET
Freezing rain,FREEZING RAIN
Gusty winds,GUSTY WIND
Blizzard Summary,BLIZZARD
SUMMARY OF MARCH 24-25,SUMMARY_MAR
SUMMARY OF MARCH 27,SUMMARY_MAR
SUMMARY OF MARCH 29,SUMMARY_MAR
GRADIENT WIND,GRADIENT WIND
Icestorm/Blizzard,ICE STORM/BLIZZARD
Flood/Strong Wind,FLOOD/STRONG WIND
TSTM WIND AND LIGHTNING,THUNDERSTORM WIND/LIGHTNING
gradient wind,GRADIENT WIND
Freezing drizzle,FREEZING DRIZZLE
Mountain Snows,MOUNTAIN SNOW
URBAN/SMALL STRM FLDG,URBAN FLOOD/SM STRM FLOOD
Heavy surf and wind,HIGH SURF/HEAVY WIND
Mild and Dry Pattern,MILD/DRY WEATHER
COLD AND FROST,COLD/FROST
TYPHOON,TYPHOON
HIGH SWELLS,HIGH SWELLS
HIGH  SWELLS,HIGH  SWELLS
VOLCANIC ASH,VOLCANIC ASH
DRY SPELL,DRY WEATHER
 LIGHTNING,LIGHTNING
BEACH EROSION,EROSION
UNSEASONAL RAIN,UNSEASONABLY RAINY
EARLY RAIN,RAIN
PROLONGED RAIN,PROLONGED RAIN
WINTERY MIX,WINTRY MIX
COASTAL FLOODING/EROSION,EROSION/COASTAL FLOOD
HOT SPELL,HOT WEATHER
UNSEASONABLY HOT,UNSEASONABLY HOT
 TSTM WIND (G45),THUNDERSTORM WIND
TSTM WIND  (G45),THUNDERSTORM WIND
HIGH WIND (G40),HIGH WIND (G
TSTM WIND (G35),THUNDERSTORM WIND
DRY WEATHER,DRY WEATHER
ABNORMAL WARMTH,WARM WEATHER
UNUSUAL WARMTH,UNUSUAL WARMTH
WAKE LOW WIND,WAKE/LOW WIND
MONTHLY RAINFALL,RAIN
COLD TEMPERATURES,COLD WEATHER
COLD WIND CHILL TEMPERATURES,COLD WEATHER/WIND CHILL
MODERATE SNOW,SNOW
MODERATE SNOWFALL,SNOW
URBAN/STREET FLOODING,URBAN/STREETFLOODING
COASTAL EROSION,COASTAL EROSION
UNUSUAL/RECORD WARMTH,UNSEASONABLY WARM
BITTER WIND CHILL,WIND CHILL
BITTER WIND CHILL TEMPERATURES,WIND CHILL
SEICHE,SEICHE
TSTM,THUNDERSTORM
COASTAL  FLOODING/EROSION,EROSION/COASTAL FLOOD
UNSEASONABLY WARM YEAR,UNSEASONABLY WARM
HYPERTHERMIA/EXPOSURE,HYPOTHERMIA
ROCK SLIDE,ROCK SLIDE
ICE PELLETS,ICE
PATCHY DENSE FOG,FOG
RECORD COOL,RECORD COLD
RECORD WARM,RECORD WARM WEATHER
HOT WEATHER,HOT WEATHER
RECORD TEMPERATURE,RECORD TEMPERATURE
TROPICAL DEPRESSION,TROPICAL DEPRESSION
VOLCANIC ERUPTION,VOLCANIC ERUPTION
COOL SPELL,COOL WEATHER
WIND ADVISORY,WIND ADVISORY
GUSTY WIND/HAIL,GUSTY WIND/HAIL
RED FLAG FIRE WX,FIRE
FIRST FROST,FIRST FROST
EXCESSIVELY DRY,DRY WEATHER
SNOW AND SLEET,SNOW/SLEET
LIGHT SNOW/FREEZING PRECIP,LIGHT SNOW/FREEZING RAIN
VOG,VOG
MONTHLY PRECIPITATION,PRECIPITATION
MONTHLY TEMPERATURE,TEMPERATURE
RECORD DRYNESS,RECORD DRY
EXTREME WINDCHILL TEMPERATURES,EXTREME WIND CHILL
MIXED PRECIPITATION,PRECIPITATION
DRY CONDITIONS,DRY WEATHER
REMNANTS OF FLOYD,HURRICANE
EARLY SNOWFALL,SNOW
FREEZING FOG,FREEZING FOG
LANDSPOUT,DUST DEVIL
DRIEST MONTH,DRY WEATHER
RECORD  COLD,RECORD COLD
LATE SEASON HAIL,LATE HAIL
EXCESSIVE SNOW,EXCESSIVE SNOW
DRYNESS,DRY WEATHER
FLOOD/FLASH/FLOOD,FLOOD/FLASH FLOOD
WIND AND WAVE,WIND/WAVES
LIGHT FREEZING RAIN,LIGHT FREEZING RAIN
 WIND,WIND
MONTHLY SNOWFALL,SNOW
RECORD PRECIPITATION,RECORD PRECIPITATION
ICE ROADS,ICE
ROUGH SEAS,ROUGH SEAS
UNSEASONABLY WARM/WET,UNSEASONABLY WARM/WET
UNSEASONABLY COOL & WET,UNSEASONABLY COOL & WET
UNUSUALLY WARM,UNUSUALLY WARM
TSTM WIND G45,THUNDERSTORM WIND
NON SEVERE HAIL,HAIL
NON-SEVERE WIND DAMAGE,WIND
UNUSUALLY COLD,UNUSUALLY COLD
WARM WEATHER,WARM WEATHER
LANDSLUMP,LANDSLUMP
THUNDERSTORM WIND (G40),THUNDERSTORM WIND
UNSEASONABLY WARM & WET,UNSEASONABLY WARM/WET
 FLASH FLOOD,FLASH FLOOD
LOCALLY HEAVY RAIN,LOCALLY HEAVY RAIN
WIND GUSTS,WIND
UNSEASONAL LOW TEMP,UNSEASONABLY LOW TEMP
HIGH SURF ADVISORY,HIGH SURF
LATE SEASON SNOW,LATE SNOW
GUSTY LAKE WIND,GUSTY LAKE WIND
ABNORMALLY DRY,DRY WEATHER
WINTER WEATHER MIX,WINTRY MIX
RED FLAG CRITERIA,RED FLAG CRITERIA
WND,WIND
CSTL FLOODING/EROSION,EROSION/COASTAL FLOOD
SMOKE,SNOW
 WATERSPOUT,WATERSPOUT
SNOW ADVISORY,SNOW ADVISORY
EXTREMELY WET,WET WEATHER
UNUSUALLY LATE SNOW,UNUSUALLY LATE SNOW
VERY DRY,VERY DRY
RECORD LOW RAINFALL,RECORD LOW RAINFALL
ROGUE WAVE,ROGUE WAVE
PROLONG WARMTH,WARM WEATHER
ACCUMULATED SNOWFALL,SNOW ACCUMULATION
FALLING SNOW/ICE,SNOW
DUST DEVEL,DUST DEVIL
NON-TSTM WIND,WIND
NON TSTM WIND,WIND
GUSTY THUNDERSTORM WINDS,GUSTY THUNDERSTORM WINDS
PATCHY ICE,PATCHY ICE
HEAVY RAIN EFFECTS,HEAVY RAIN
EXCESSIVE HEAT/DROUGHT,HOT WEATHER
NORTHERN LIGHTS,NORTHERN LIGHTS
MARINE TSTM WIND,MARIN THUNDERSTORM WIND
   HIGH SURF ADVISORY,HIGH SURF
HAZARDOUS SURF,HIGH SURF
FROST/FREEZE,FROST/FREEZE
WINTER WEATHER/MIX,WINTRY MIX
ASTRONOMICAL HIGH TIDE,ASTRONOMICAL HIGH TIDE
WHIRLWIND,WHIRLWIND
VERY WARM,VERY WARM
ABNORMALLY WET,WET WEATHER
TORNADO DEBRIS,TORNADO DEBRIS
EXTREME COLD/WIND CHILL,COLD WEATHER/WIND CHILL
ICE ON ROAD,ICE
DROWNING,DROWNING
GUSTY THUNDERSTORM WIND,GUSTY THUNDERSTORM WIND
MARINE HAIL,MARINE HAIL
HIGH SURF ADVISORIES,HIGH SURF
HURRICANE/TYPHOON,HURRICANE
HEAVY SURF/HIGH SURF,HEAVY SURF/HIGH SURF
SLEET STORM,SLEET
STORM SURGE/TIDE,STORM SURGE/TIDE
COLD/WIND CHILL,COLD/WIND CHILL
MARINE HIGH WIND,MARINE HIGH WIND
TSUNAMI,TSUNAMI
DENSE SMOKE,DENSE SMOKE
LAKESHORE FLOOD,LAKE FLOOD
MARINE THUNDERSTORM WIND,MARINE THUNDERSTORM WIND
MARINE STRONG WIND,MARINE STRONG WIND
ASTRONOMICAL LOW TIDE,ASTRONOMICAL LOW TIDE
VOLCANIC ASHFALL,VOLCANIC ASHFALL
